1,1,"Message 1",2020
1,1,"Message 2",2020
1,1,"Message 3",2020
1,1,"Message 4",2020
1,1,"Message 5",2020
1,1,"Message 6",2020
1,1,"Message 7",2020
1,1,"Message 8",2020
1,1,"Message 9",2020
1,1,"Message 10",2020
1,2,"Message 1",2020
1,2,"Message 2",2020
1,2,"Message 3",2020
1,2,"Message 4",2020
1,2,"Message 5",2020
1,2,"Message 6",2020
1,2,"Message 7",2020
1,2,"Message 8",2020
1,2,"Message 9",2020
1,2,"Message 10",2020
1,3,"Message 1",2020
1,3,"Message 2",2020
1,3,"Message 3",2020
1,3,"Message 4",2020
1,3,"Message 5",2020
1,3,"Message 6",2020
1,3,"Message 7",2020
1,3,"Message 8",2020
1,3,"Message 9",2020
1,3,"Message 10",2020
2,1,"Message 1",2020
2,1,"Message 2",2020
2,1,"Message 3",2020
2,1,"Message 4",2020
2,1,"Message 5",2020
2,1,"Message 6",2020
2,1,"Message 7",2020
2,1,"Message 8",2020
2,1,"Message 9",2020
2,1,"Message 10",2020
2,2,"Message 1",2020
2,2,"Message 2",2020
2,2,"Message 3",2020
2,2,"Message 4",2020
2,2,"Message 5",2020
2,2,"Message 6",2020
2,2,"Message 7",2020
2,2,"Message 8",2020
2,2,"Message 9",2020
2,2,"Message 10",2020
2,3,"Message 1",2020
2,3,"Message 2",2020
2,3,"Message 3",2020
2,3,"Message 4",2020
2,3,"Message 5",2020
2,3,"Message 6",2020
2,3,"Message 7",2020
2,3,"Message 8",2020
2,3,"Message 9",2020
2,3,"Message 10",2020
3,1,"Message 1",2020
3,1,"Message 2",2020
3,1,"Message 3",2020
3,1,"Message 4",2020
3,1,"Message 5",2020
3,1,"Message 6",2020
3,1,"Message 7",2020
3,1,"Message 8",2020
3,1,"Message 9",2020
3,1,"Message 10",2020
3,2,"Message 1",2020
3,2,"Message 2",2020
3,2,"Message 3",2020
3,2,"Message 4",2020
3,2,"Message 5",2020
3,2,"Message 6",2020
3,2,"Message 7",2020
3,2,"Message 8",2020
3,2,"Message 9",2020
3,2,"Message 10",2020
3,3,"Message 1",2020
3,3,"Message 2",2020
3,3,"Message 3",2020
3,3,"Message 4",2020
3,3,"Message 5",2020
3,3,"Message 6",2020
3,3,"Message 7",2020
3,3,"Message 8",2020
3,3,"Message 9",2020
3,3,"Message 10",2020